<?xml version="1.0" encoding="UTF-8"?>
<!-- (C) Copyright IBM Corp. 2014 
     All Rights Reserved
-->
<analysisEngineDescription xmlns="http://uima.apache.org/resourceSpecifier">
  <frameworkImplementation>org.apache.uima.java</frameworkImplementation>
  <primitive>true</primitive>
  <annotatorImplementationName>com.ibm.research.eaves.flowmgt.wrapper.UIMAMethodWrapper</annotatorImplementationName>
  <analysisEngineMetaData>
    <name>BNColorToTable_EspPipe</name>
    <description/>
    <version>1.0</version>
    <vendor/>
    <configurationParameters>
      <configurationParameter>
        <name>AnalyticName</name>
        <type>String</type>
        <multiValued>false</multiValued>
        <mandatory>true</mandatory>
      </configurationParameter>
      <configurationParameter>
        <name>AnalyticVersion</name>
        <type>String</type>
        <multiValued>false</multiValued>
        <mandatory>false</mandatory>
      </configurationParameter>
      <configurationParameter>
        <name>InputDataSelectors</name>
        <type>String</type>
        <multiValued>true</multiValued>
        <mandatory>false</mandatory>
      </configurationParameter>
      <configurationParameter>
        <name>OutputDataSelectors</name>
        <type>String</type>
        <multiValued>true</multiValued>
        <mandatory>false</mandatory>
      </configurationParameter>
      <configurationParameter>
        <name>OutputFeatureSetFileNames</name>
        <type>String</type>
        <multiValued>true</multiValued>
        <mandatory>false</mandatory>
      </configurationParameter>
      <configurationParameter>
        <name>OutputStoreName</name>
        <type>String</type>
        <multiValued>false</multiValued>
        <mandatory>false</mandatory>
      </configurationParameter>
      <configurationParameter>
        <name>Structure_FileName</name>
        <type>String</type>
        <multiValued>false</multiValued>
        <mandatory>false</mandatory>
      </configurationParameter>
      <configurationParameter>
        <name>WrappedClass</name>
        <type>String</type>
        <multiValued>false</multiValued>
        <mandatory>true</mandatory>
      </configurationParameter>
      <configurationParameter>
        <name>BNValueFilePrefix</name>
        <type>String</type>
        <multiValued>false</multiValued>
        <mandatory>true</mandatory>
      </configurationParameter>
    <configurationParameter>
        <name>DataSources</name>
        <type>String</type>
        <multiValued>false</multiValued>
        <mandatory>true</mandatory>
      </configurationParameter>
    </configurationParameters>
    <configurationParameterSettings>
      <nameValuePair>
        <name>OutputFeatureSetFileNames</name>
        <value>
          <array>
						<string>config/analytics/BNFeatureBase/BNInference_OutputFeatures.xml</string>
          </array>
        </value>
      </nameValuePair>
      <nameValuePair>
        <name>AnalyticName</name>
        <value>
          <string>BNColorToTable_EspPipe</string>
        </value>
      </nameValuePair>
      <nameValuePair>
        <name>AnalyticVersion</name>
        <value>
					<string>1.0</string>
				</value>
			</nameValuePair>
			<nameValuePair>
				<name>InputDataSelectors</name>
				<value>
					<array>
						<string>input_Eml</string>
						<string>input_LOF</string>
						<string>input_HTTP</string>
						<string>input_queryTerm</string>
						<string>input_A1</string>
						<string>input_A2</string>
          </array>
        </value>
      </nameValuePair>
      <nameValuePair>
        <name>OutputDataSelectors</name>
        <value>
          <array>
            <string>OUTPUT_Table</string>
          </array>
        </value>
      </nameValuePair>
      <nameValuePair>
        <name>OutputStoreName</name>
        <value>
          <string>$OutputStoreName$OUTPUT.fullstorename</string>
        </value>
      </nameValuePair>
      <nameValuePair>
        <name>WrappedClass</name>
        <value>
          <string>com.ibm.research.eaves.analytic.bayesiannvstore.BNColorToTable</string>
        </value>
      </nameValuePair>
      <nameValuePair>
        <name>BNValueFilePrefix</name>
        <value>
          <string>bnvalue</string>
        </value>
      </nameValuePair>
      <nameValuePair>
        <name>Structure_FileName</name>
        <value>
          <string>$SystemRootDirectory$/scripts/analytic-bayesiannvstore/structureEspionage/BNVisualization_AnalyticName.txt</string>
        </value>
      </nameValuePair>
    <nameValuePair>
        <name>DataSources</name>
        <value>
          <string>config/jar/analytic-bayesiannvstore/BNIOHistory.xml</string>
        </value>
      </nameValuePair>
    </configurationParameterSettings>
    <typeSystemDescription>
      <imports>
        <import name="desc.typesystem.ExecDocumentProperties"/>
        <import name="desc.typesystem.ExecHeader"/>
        <import name="desc.typesystem.ExecResults"/>
        <import name="desc.typesystem.FileParamWithSubstitutions"/>
        <import name="desc.typesystem.KeyValuePair"/>
      </imports>
    </typeSystemDescription>
    <typePriorities/>
    <fsIndexCollection/>
    <capabilities>
      <capability>
        <inputs/>
        <outputs>
          <type allAnnotatorFeatures="true">com.ibm.research.eaves.flowmgt.wrapper.KeyValuePair</type>
          <type allAnnotatorFeatures="true">com.ibm.research.eaves.flowmgt.wrapper.FileParamWithSubstitutions</type>
          <type allAnnotatorFeatures="true">com.ibm.research.eaves.flowmgt.wrapper.ExecResults</type>
          <type allAnnotatorFeatures="true">com.ibm.research.eaves.flowmgt.wrapper.ExecHeader</type>
          <type allAnnotatorFeatures="true">com.ibm.research.eaves.flowmgt.wrapper.ExecDocumentProperties</type>
        </outputs>
        <languagesSupported/>
      </capability>
    </capabilities>
    <operationalProperties>
      <modifiesCas>true</modifiesCas>
      <multipleDeploymentAllowed>true</multipleDeploymentAllowed>
      <outputsNewCASes>false</outputsNewCASes>
    </operationalProperties>
  </analysisEngineMetaData>
  <resourceManagerConfiguration/>
</analysisEngineDescription>
