<?xml version="1.0" encoding="UTF-8"?>
<!-- (C) Copyright IBM Corp. 2014 
     All Rights Reserved
-->
<analysisEngineDescription xmlns="http://uima.apache.org/resourceSpecifier">
  <frameworkImplementation>org.apache.uima.java</frameworkImplementation>
  <primitive>true</primitive>
  <annotatorImplementationName>com.ibm.research.eaves.flowmgt.wrapper.UIMAMethodWrapper</annotatorImplementationName>
  <analysisEngineMetaData>
    <name>BNFeatureSab</name>
    <description/>
    <version>1.0</version>
    <vendor/>
    <configurationParameters>
      <configurationParameter>
        <name>Signature</name>
        <type>String</type>
        <multiValued>false</multiValued>
        <mandatory>true</mandatory>
      </configurationParameter>
      <configurationParameter>
        <name>OutputFeatureSetFileNames</name>
        <type>String</type>
        <multiValued>true</multiValued>
        <mandatory>false</mandatory>
      </configurationParameter>
      <configurationParameter>
        <name>AnalyticName</name>
        <type>String</type>
        <multiValued>false</multiValued>
        <mandatory>true</mandatory>
      </configurationParameter>
      <configurationParameter>
        <name>AnalyticVersion</name>
        <type>String</type>
        <multiValued>false</multiValued>
        <mandatory>false</mandatory>
      </configurationParameter>
      <configurationParameter>
        <name>WrappedClass</name>
        <type>String</type>
        <multiValued>false</multiValued>
        <mandatory>true</mandatory>
      </configurationParameter>
      <configurationParameter>
        <name>OutputDataSelectors</name>
        <type>String</type>
        <multiValued>true</multiValued>
        <mandatory>false</mandatory>
      </configurationParameter>
      <configurationParameter>
        <name>InputDataSelectors</name>
        <type>String</type>
        <multiValued>true</multiValued>
        <mandatory>false</mandatory>
      </configurationParameter>
      <configurationParameter>
        <name>CliquePropertyFile</name>
        <description>the file name of input clique property file</description>
        <type>String</type>
        <multiValued>true</multiValued>
        <mandatory>true</mandatory>
      </configurationParameter>
      <configurationParameter>
        <name>POTHeaderFile</name>
        <type>String</type>
        <multiValued>true</multiValued>
        <mandatory>true</mandatory>
      </configurationParameter>
      <configurationParameter>
        <name>UseNeighborForTraining</name>
        <type>Boolean</type>
        <multiValued>false</multiValued>
        <mandatory>true</mandatory>
      </configurationParameter>
      <configurationParameter>
        <name>MODEL_START_DATE</name>
        <type>String</type>
        <multiValued>false</multiValued>
        <mandatory>true</mandatory>
      </configurationParameter>
      <configurationParameter>
        <name>MODEL_END_DATE</name>
        <type>String</type>
        <multiValued>false</multiValued>
        <mandatory>true</mandatory>
      </configurationParameter>
      <configurationParameter>
        <name>SCORING_START_DATE</name>
        <type>String</type>
        <multiValued>false</multiValued>
        <mandatory>true</mandatory>
      </configurationParameter>
      <configurationParameter>
        <name>SCORING_END_DATE</name>
        <type>String</type>
        <multiValued>false</multiValued>
        <mandatory>true</mandatory>
      </configurationParameter>
      <configurationParameter>
        <name>isHistory</name>
        <type>Boolean</type>
        <multiValued>false</multiValued>
        <mandatory>true</mandatory>
      </configurationParameter>
    <configurationParameter>
        <name>isReduction</name>
        <type>Boolean</type>
        <multiValued>false</multiValued>
        <mandatory>true</mandatory>
      </configurationParameter>
    <configurationParameter>
        <name>DataSources</name>
        <type>String</type>
        <multiValued>false</multiValued>
        <mandatory>true</mandatory>
      </configurationParameter>
    <configurationParameter>
        <name>BN_NumberOfDaysOfPriorInput</name>
        <type>String</type>
        <multiValued>false</multiValued>
        <mandatory>false</mandatory>
      </configurationParameter>
    </configurationParameters>
    <configurationParameterSettings>
      <nameValuePair>
        <name>Signature</name>
        <value>
          <string>##execwrapper</string>
        </value>
      </nameValuePair>
      <nameValuePair>
        <name>OutputFeatureSetFileNames</name>
        <value>
          <array/>
        </value>
      </nameValuePair>
      <nameValuePair>
        <name>AnalyticName</name>
        <value>
          <string>BNFeatureSab</string>
        </value>
      </nameValuePair>
      <nameValuePair>
        <name>AnalyticVersion</name>
        <value>
          <string>1.0</string>
        </value>
      </nameValuePair>
      <nameValuePair>
        <name>WrappedClass</name>
        <value>
          <string>com.ibm.research.eaves.analytic.bayesiannvstore.BNFeaturenvstore</string>
        </value>
      </nameValuePair>
      <nameValuePair>
        <name>OutputDataSelectors</name>
        <value>
          <array>
            <string>OUTPUT</string>
          </array>
        </value>
      </nameValuePair>
      <nameValuePair>
        <name>InputDataSelectors</name>
        <value>
          <array>
						<string>input_Eml</string>
						<string>input_LOF</string>
						<string>input_HTTP</string>
						<string>input_queryTerm</string>
						<string>input_A1</string>
						<string>input_A2</string>
						<string>input_history_Eml</string>
						<string>input_history_LOF</string>
						<string>input_history_HTTP</string>
						<string>input_history_queryTerm</string>
						<string>input_history_A1</string>
						<string>input_history_A2</string>
          </array>
        </value>
      </nameValuePair>
      <nameValuePair>
        <name>CliquePropertyFile</name>
        <value>
          <array>
            <string>config/analytics/bayesiannvstore/CliqueInfoSabotagePipe.property</string>
          </array>
        </value>
      </nameValuePair>
      <nameValuePair>
        <name>POTHeaderFile</name>
        <value>
          <array>
            <string>config/analytics/bayesiannvstore/POTHeader.txt</string>
          </array>
        </value>
      </nameValuePair>
      <nameValuePair>
        <name>UseNeighborForTraining</name>
        <value>
          <boolean>false</boolean>
        </value>
      </nameValuePair>
      <nameValuePair>
        <name>MODEL_START_DATE</name>
        <value>
          <string>2010-01-02</string>
        </value>
      </nameValuePair>
      <nameValuePair>
        <name>MODEL_END_DATE</name>
        <value>
          <string>2010-01-31</string>
        </value>
      </nameValuePair>
      <nameValuePair>
        <name>SCORING_START_DATE</name>
        <value>
          <string>2010-02-01</string>
        </value>
      </nameValuePair>
      <nameValuePair>
        <name>SCORING_END_DATE</name>
        <value>
          <string>2010-02-28</string>
        </value>
      </nameValuePair>
      <nameValuePair>
        <name>isHistory</name>
        <value>
          <boolean>true</boolean>
        </value>
      </nameValuePair>
    <nameValuePair>
        <name>isReduction</name>
        <value>
          <boolean>true</boolean>
        </value>
      </nameValuePair>
    <nameValuePair>
        <name>DataSources</name>
        <value>
					<string>config/jar/analytic-bayesiannvstore/BNIOHistory.xml</string>
        </value>
      </nameValuePair>
    <nameValuePair>
        <name>BN_NumberOfDaysOfPriorInput</name>
        <value>
          <string>-10</string>
        </value>
      </nameValuePair>
    </configurationParameterSettings>
    <typeSystemDescription>
      <imports>
        <import name="desc.typesystem.ExecDocumentProperties"/>
        <import name="desc.typesystem.ExecHeader"/>
        <import name="desc.typesystem.ExecResults"/>
        <import name="desc.typesystem.FileParamWithSubstitutions"/>
        <import name="desc.typesystem.KeyValuePair"/>
      </imports>
    </typeSystemDescription>
    <typePriorities/>
    <fsIndexCollection/>
    <capabilities>
      <capability>
        <inputs/>
        <outputs>
          <type allAnnotatorFeatures="true">com.ibm.research.eaves.flowmgt.wrapper.KeyValuePair</type>
          <type allAnnotatorFeatures="true">com.ibm.research.eaves.flowmgt.wrapper.FileParamWithSubstitutions</type>
          <type allAnnotatorFeatures="true">com.ibm.research.eaves.flowmgt.wrapper.ExecResults</type>
          <type allAnnotatorFeatures="true">com.ibm.research.eaves.flowmgt.wrapper.ExecHeader</type>
          <type allAnnotatorFeatures="true">com.ibm.research.eaves.flowmgt.wrapper.ExecDocumentProperties</type>
        </outputs>
        <languagesSupported/>
      </capability>
    </capabilities>
    <operationalProperties>
      <modifiesCas>true</modifiesCas>
      <multipleDeploymentAllowed>true</multipleDeploymentAllowed>
      <outputsNewCASes>false</outputsNewCASes>
    </operationalProperties>
  </analysisEngineMetaData>
  <resourceManagerConfiguration/>
</analysisEngineDescription>
