<?xml version="1.0" encoding="UTF-8"?>
<!-- (C) Copyright IBM Corp. 2014 
     All Rights Reserved
-->
<ioSelectors>
    <selector name="OUTPUT" >
        <source>
            <directory>
                <schema>$SCHEMA_basic$</schema>
                <storeSpecName>$STORESPEC_basic_file$</storeSpecName>
            </directory>
        </source>
    </selector>
    <selector name="OUTPUT_Table" >
        <source>
            <relational>
                <schema>$SCHEMA_basic$</schema>
                <storeSpecName>$STORESPEC_basic$</storeSpecName>
            </relational>
        </source>
    </selector>
		<selector name="input_Eml" >
				<source>
						<analyticName>Eml</analyticName>
						<relational/>
						<timeRange>
								<start adjustmentAmount="$BN_NumberOfDaysOfPriorInput$" adjustmentUnits="days" >$START_DATE$</start>
								<end>$END_DATE$</end>
						</timeRange>
				</source>
		</selector>
		<selector name="input_LOF" >
				<source>
						<analyticName>LOF</analyticName>
						<relational/>
						<timeRange>
								<start adjustmentAmount="$BN_NumberOfDaysOfPriorInput$" adjustmentUnits="days" >$START_DATE$</start>
								<end>$END_DATE$</end>
						</timeRange>
				</source>
		</selector>
		<selector name="input_HTTP" >
				<source>
						<analyticName>HTTP</analyticName>
						<relational/>
						<timeRange>
								<start adjustmentAmount="$BN_NumberOfDaysOfPriorInput$" adjustmentUnits="days" >$START_DATE$</start>
								<end>$END_DATE$</end>
						</timeRange>
				</source>
		</selector>
		<selector name="input_queryTerm" >
				<source>
						<analyticName>queryTerm</analyticName>
						<relational/>
						<timeRange>
								<start adjustmentAmount="$BN_NumberOfDaysOfPriorInput$" adjustmentUnits="days" >$START_DATE$</start>
								<end>$END_DATE$</end>
						</timeRange>
				</source>
		</selector>
		<selector name="input_A1" >
				<source>
						<analyticName>A1</analyticName>
						<relational/>
						<timeRange>
								<start adjustmentAmount="$BN_NumberOfDaysOfPriorInput$" adjustmentUnits="days" >$START_DATE$</start>
								<end>$END_DATE$</end>
						</timeRange>
				</source>
		</selector>
		<selector name="input_A2" >
				<source>
						<analyticName>A2</analyticName>
						<relational/>
						<timeRange>
								<start adjustmentAmount="$BN_NumberOfDaysOfPriorInput$" adjustmentUnits="days" >$START_DATE$</start>
								<end>$END_DATE$</end>
						</timeRange>
				</source>
		</selector>
		<selector name="input_history_Eml" asCollection="true" optional="true">
				<source>
						<analyticName>EmlHistory</analyticName>
						<relational/>
						<timeRange>
								<start adjustmentAmount="-1" adjustmentUnits="$TimeWindowType$">$START_DATE$</start>
								<end adjustmentAmount="-1" adjustmentUnits="$TimeWindowType$">$END_DATE$</end>
								<runType>$priorRunTypeName$</runType>
						</timeRange>
				</source>
		</selector>
		<selector name="input_history_LOF" asCollection="true" optional="true">
				<source>
						<analyticName>LOFHistory</analyticName>
						<relational/>
						<timeRange>
								<start adjustmentAmount="-1" adjustmentUnits="$TimeWindowType$">$START_DATE$</start>
								<end adjustmentAmount="-1" adjustmentUnits="$TimeWindowType$">$END_DATE$</end>
								<runType>$priorRunTypeName$</runType>
						</timeRange>
				</source>
		</selector>
		<selector name="input_history_HTTP" asCollection="true" optional="true">
				<source>
						<analyticName>HTTPHistory</analyticName>
						<relational/>
						<timeRange>
								<start adjustmentAmount="-1" adjustmentUnits="$TimeWindowType$">$START_DATE$</start>
								<end adjustmentAmount="-1" adjustmentUnits="$TimeWindowType$">$END_DATE$</end>
								<runType>$priorRunTypeName$</runType>
						</timeRange>
				</source>
		</selector>
		<selector name="input_history_queryTerm" asCollection="true" optional="true">
				<source>
						<analyticName>queryTermHistory</analyticName>
						<relational/>
						<timeRange>
								<start adjustmentAmount="-1" adjustmentUnits="$TimeWindowType$">$START_DATE$</start>
								<end adjustmentAmount="-1" adjustmentUnits="$TimeWindowType$">$END_DATE$</end>
								<runType>$priorRunTypeName$</runType>
						</timeRange>
				</source>
		</selector>
		<selector name="input_history_A1" asCollection="true" optional="true">
				<source>
						<analyticName>A1History</analyticName>
						<relational/>
						<timeRange>
								<start adjustmentAmount="-1" adjustmentUnits="$TimeWindowType$">$START_DATE$</start>
								<end adjustmentAmount="-1" adjustmentUnits="$TimeWindowType$">$END_DATE$</end>
								<runType>$priorRunTypeName$</runType>
						</timeRange>
				</source>
		</selector>
		<selector name="input_history_A2" asCollection="true" optional="true">
				<source>
						<analyticName>A2History</analyticName>
						<relational/>
						<timeRange>
								<start adjustmentAmount="-1" adjustmentUnits="$TimeWindowType$">$START_DATE$</start>
								<end adjustmentAmount="-1" adjustmentUnits="$TimeWindowType$">$END_DATE$</end>
								<runType>$priorRunTypeName$</runType>
						</timeRange>
				</source>
		</selector>
</ioSelectors>