{
"userid": "A0001",
"QueryClq":"0",
"QueryIdx":"0",
"evidence":[
{
"date": "07-03-2015",
"signals":[
{"id":"0","score":"-1"},
{"id":"1","score":"-1"},
{"id":"2","score":"-1"},
{"id":"3","score":"0.6"},
{"id":"4","score":"0.6"},
{"id":"5","score":"0.6"},
{"id":"6","score":"0.6"},
{"id":"7","score":"0.6"},
{"id":"8","score":"0.6"},
]
}
],
"history":[
{
"date": "07-01-2015",
"signals":[
{"id":"0","score":"-1"},
{"id":"1","score":"-1"},
{"id":"2","score":"-1"},
{"id":"3","score":"0.6"},
{"id":"4","score":"0.6"},
{"id":"5","score":"0.6"},
{"id":"6","score":"0.6"},
{"id":"7","score":"0.6"},
{"id":"8","score":"0.6"},
]
},
{
"date": "07-02-2015",
"signals":[
{"id":"0","score":"-1"},
{"id":"1","score":"-1"},
{"id":"2","score":"-1"},
{"id":"3","score":"0.6"},
{"id":"4","score":"0.6"},
{"id":"5","score":"0.6"},
{"id":"6","score":"0.6"},
{"id":"7","score":"0.6"},
{"id":"8","score":"0.6"},
]
}
]
}