<?xml version="1.0" encoding="UTF-8"?>
<!--
 (C) Copyright IBM Corp. 2016 
     All Rights Reserved
-->
<BNRules>
	<category name="spatial" rulenum="3"> 
		<ruleItem index="1" relation="and" target="0">
			<rule val="0">1</rule>
			<rule val="0">2</rule>
		</ruleItem>
		<ruleItem index="2" relation="and" target="1">
			<rule val="1">3</rule>
			<rule val="0">4</rule>
		</ruleItem>
		<ruleItem index="3" relation="and" target="2">
			<rule val="0">5</rule>
			<rule val="0">6</rule>
		</ruleItem>
	</category>	
	<category name="temporal" rulenum="1"> 
		<ruleItem index="1" target="5">
			<rule>4</rule>
		</ruleItem>
	</category>	
</BNRules>