{
"edges":[
{"source":"1","target":"0","eid":"0","label":"_"},
{"source":"2","target":"0","eid":"1","label":"_"},
{"source":"3","target":"1","eid":"4","label":"_"},
{"source":"4","target":"1","eid":"5","label":"_"},
{"source":"5","target":"2","eid":"2","label":"_"},
{"source":"6","target":"2","eid":"3","label":"_"},
{"source":"7","target":"6","eid":"6","label":"_"},
{"source":"8","target":"6","eid":"7","label":"_"}
],
"nodes":[
{"id":"0","label":"Attack","obs":"0"},
{"id":"1","label":"Communication","obs":"0"},
{"id":"2","label":"GatherInfo","obs":"0"},
{"id":"3","label":"Eml","obs":"1","col":"x1","thresh":"[0.85]"},
{"id":"4","label":"LOF","obs":"1","col":"x2","thresh":"[0.005]"},
{"id":"5","label":"HTTP","obs":"1","col":"x3","thresh":"[0.3]"},
{"id":"6","label":"queryTerm","obs":"1","col":"x4","thresh":"[0.3]"},
{"id":"7","label":"A1","obs":"1","col":"x5","thresh":"[0.86]"},
{"id":"8","label":"A2","obs":"1","col":"x6","thresh":"[0.86]"}
],
"properties":[
{"type":"node","name":"thresh","value":"string"},
{"type":"node","name":"col","value":"string"},
{"type":"node","name":"obs","value":"string"}
],
"summary":[{"number of nodes":9,"number of edges":8}],
"time":[{"TIME":"0.00027895"}]
}
